id,group,expiry,status
U001,O+,2026-10-15,Issued
U002,O-,2026-10-12,Issued
U003,A+,2026-10-20,Issued
U004,A-,2026-10-18,Issued
U005,B+,2026-10-22,Issued
U006,B-,2026-10-14,Issued
U007,AB+,2026-10-25,Available
U008,AB-,2026-10-11,Available
U009,A+,2026-10-25,Issued
U010,A+,2026-10-28,Issued
U011,A-,2026-11-01,Issued
U012,B+,2026-10-20,Issued
U013,B+,2026-11-05,Issued
U014,B-,2026-10-18,Issued
U015,AB+,2026-10-30,Available
U016,AB-,2026-10-22,Available
U017,O+,2026-10-15,Issued
U018,O+,2026-11-08,Available
U019,O-,2026-10-12,Issued
U020,O-,2026-11-02,Issued
